nanosecond,filename
0,0.png
33333333,33333333.png
66666666,66666666.png
99999999,99999999.png
133333332,133333332.png
166666665,166666665.png
199999998,199999998.png
233333331,233333331.png
266666664,266666664.png
299999997,299999997.png
333333330,333333330.png
366666663,366666663.png
399999996,399999996.png
433333329,433333329.png
466666662,466666662.png
499999995,499999995.png
533333328,533333328.png
566666661,566666661.png
599999994,599999994.png
633333327,633333327.png
666666660,666666660.png
699999993,699999993.png
733333326,733333326.png
766666659,766666659.png
799999992,799999992.png
833333325,833333325.png
866666658,866666658.png
899999991,899999991.png
933333324,933333324.png
966666657,966666657.png
999999990,999999990.png
1033333323,1033333323.png
1066666656,1066666656.png
1099999989,1099999989.png
1133333322,1133333322.png
1166666655,1166666655.png
1199999988,1199999988.png
1233333321,1233333321.png
1266666654,1266666654.png
1299999987,1299999987.png
1333333320,1333333320.png
1366666653,1366666653.png
1399999986,1399999986.png
1433333319,1433333319.png
1466666652,1466666652.png
1499999985,1499999985.png
1533333318,1533333318.png
1566666651,1566666651.png
1599999984,1599999984.png
1633333317,1633333317.png
1666666650,1666666650.png
1699999983,1699999983.png
1733333316,1733333316.png
1766666649,1766666649.png
1799999982,1799999982.png
1833333315,1833333315.png
1866666648,1866666648.png
1899999981,1899999981.png
1933333314,1933333314.png
1966666647,1966666647.png
1999999980,1999999980.png
2033333313,2033333313.png
2066666646,2066666646.png
2099999979,2099999979.png
2133333312,2133333312.png
2166666645,2166666645.png
2199999978,2199999978.png
2233333311,2233333311.png
2266666644,2266666644.png
2299999977,2299999977.png
2333333310,2333333310.png
2366666643,2366666643.png
2399999976,2399999976.png
2433333309,2433333309.png
2466666642,2466666642.png
2499999975,2499999975.png
2533333308,2533333308.png
2566666641,2566666641.png
2599999974,2599999974.png
2633333307,2633333307.png
2666666640,2666666640.png
2699999973,2699999973.png
2733333306,2733333306.png
2766666639,2766666639.png
2799999972,2799999972.png
2833333305,2833333305.png
2866666638,2866666638.png
2899999971,2899999971.png
2933333304,2933333304.png
2966666637,2966666637.png
2999999970,2999999970.png
3033333303,3033333303.png
3066666636,3066666636.png
3099999969,3099999969.png
3133333302,3133333302.png
3166666635,3166666635.png
3199999968,3199999968.png
3233333301,3233333301.png
3266666634,3266666634.png
3299999967,3299999967.png
3333333300,3333333300.png
3366666633,3366666633.png
3399999966,3399999966.png
3433333299,3433333299.png
3466666632,3466666632.png
3499999965,3499999965.png
3533333298,3533333298.png
3566666631,3566666631.png
3599999964,3599999964.png
3633333297,3633333297.png
3666666630,3666666630.png
3699999963,3699999963.png
3733333296,3733333296.png
3766666629,3766666629.png
3799999962,3799999962.png
3833333295,3833333295.png
3866666628,3866666628.png
3899999961,3899999961.png
3933333294,3933333294.png
3966666627,3966666627.png
3999999960,3999999960.png
4033333293,4033333293.png
4066666626,4066666626.png
4099999959,4099999959.png
4133333292,4133333292.png
4166666625,4166666625.png
4199999958,4199999958.png
4233333291,4233333291.png
4266666624,4266666624.png
4299999957,4299999957.png
4333333290,4333333290.png
4366666623,4366666623.png
4399999956,4399999956.png
4433333289,4433333289.png
4466666622,4466666622.png
4499999955,4499999955.png
4533333288,4533333288.png
4566666621,4566666621.png
4599999954,4599999954.png
4633333287,4633333287.png
4666666620,4666666620.png
4699999953,4699999953.png
4733333286,4733333286.png
4766666619,4766666619.png
4799999952,4799999952.png
4833333285,4833333285.png
4866666618,4866666618.png
4899999951,4899999951.png
4933333284,4933333284.png
4966666617,4966666617.png
4999999950,4999999950.png
5033333283,5033333283.png
5066666616,5066666616.png
5099999949,5099999949.png
5133333282,5133333282.png
5166666615,5166666615.png
5199999948,5199999948.png
5233333281,5233333281.png
5266666614,5266666614.png
5299999947,5299999947.png
5333333280,5333333280.png
5366666613,5366666613.png
5399999946,5399999946.png
5433333279,5433333279.png
5466666612,5466666612.png
5499999945,5499999945.png
5533333278,5533333278.png
5566666611,5566666611.png
5599999944,5599999944.png
5633333277,5633333277.png
5666666610,5666666610.png
5699999943,5699999943.png
5733333276,5733333276.png
5766666609,5766666609.png
5799999942,5799999942.png
5833333275,5833333275.png
5866666608,5866666608.png
5899999941,5899999941.png
5933333274,5933333274.png
5966666607,5966666607.png
5999999940,5999999940.png
6033333273,6033333273.png
6066666606,6066666606.png
6099999939,6099999939.png
6133333272,6133333272.png
6166666605,6166666605.png
6199999938,6199999938.png
6233333271,6233333271.png
6266666604,6266666604.png
6299999937,6299999937.png
6333333270,6333333270.png
6366666603,6366666603.png
6399999936,6399999936.png
6433333269,6433333269.png
6466666602,6466666602.png
6499999935,6499999935.png
6533333268,6533333268.png
6566666601,6566666601.png
6599999934,6599999934.png
6633333267,6633333267.png
6666666600,6666666600.png
6699999933,6699999933.png
6733333266,6733333266.png
6766666599,6766666599.png
6799999932,6799999932.png
6833333265,6833333265.png
6866666598,6866666598.png
6899999931,6899999931.png
6933333264,6933333264.png
6966666597,6966666597.png
6999999930,6999999930.png
7033333263,7033333263.png
7066666596,7066666596.png
7099999929,7099999929.png
7133333262,7133333262.png
7166666595,7166666595.png
7199999928,7199999928.png
7233333261,7233333261.png
7266666594,7266666594.png
7299999927,7299999927.png
7333333260,7333333260.png
7366666593,7366666593.png
7399999926,7399999926.png
7433333259,7433333259.png
7466666592,7466666592.png
7499999925,7499999925.png
7533333258,7533333258.png
7566666591,7566666591.png
7599999924,7599999924.png
7633333257,7633333257.png
7666666590,7666666590.png
7699999923,7699999923.png
7733333256,7733333256.png
7766666589,7766666589.png
7799999922,7799999922.png
7833333255,7833333255.png
7866666588,7866666588.png
7899999921,7899999921.png
7933333254,7933333254.png
7966666587,7966666587.png
7999999920,7999999920.png
8033333253,8033333253.png
8066666586,8066666586.png
8099999919,8099999919.png
8133333252,8133333252.png
8166666585,8166666585.png
8199999918,8199999918.png
8233333251,8233333251.png
8266666584,8266666584.png
8299999917,8299999917.png
8333333250,8333333250.png
8366666583,8366666583.png
8399999916,8399999916.png
8433333249,8433333249.png
8466666582,8466666582.png
8499999915,8499999915.png
8533333248,8533333248.png
8566666581,8566666581.png
8599999914,8599999914.png
8633333247,8633333247.png
8666666580,8666666580.png
8699999913,8699999913.png
8733333246,8733333246.png
8766666579,8766666579.png
8799999912,8799999912.png
8833333245,8833333245.png
8866666578,8866666578.png
8899999911,8899999911.png
8933333244,8933333244.png
8966666577,8966666577.png
8999999910,8999999910.png
9033333243,9033333243.png
9066666576,9066666576.png
9099999909,9099999909.png
9133333242,9133333242.png
9166666575,9166666575.png
9199999908,9199999908.png
9233333241,9233333241.png
9266666574,9266666574.png
9299999907,9299999907.png
9333333240,9333333240.png
9366666573,9366666573.png
9399999906,9399999906.png
9433333239,9433333239.png
9466666572,9466666572.png
9499999905,9499999905.png
9533333238,9533333238.png
9566666571,9566666571.png
9599999904,9599999904.png
9633333237,9633333237.png
9666666570,9666666570.png
9699999903,9699999903.png
9733333236,9733333236.png
9766666569,9766666569.png
9799999902,9799999902.png
9833333235,9833333235.png
9866666568,9866666568.png
9899999901,9899999901.png
9933333234,9933333234.png
9966666567,9966666567.png
9999999900,9999999900.png
10033333233,10033333233.png
10066666566,10066666566.png
10099999899,10099999899.png
10133333232,10133333232.png
10166666565,10166666565.png
10199999898,10199999898.png
10233333231,10233333231.png
10266666564,10266666564.png
10299999897,10299999897.png
10333333230,10333333230.png
10366666563,10366666563.png
10399999896,10399999896.png
10433333229,10433333229.png
10466666562,10466666562.png
10499999895,10499999895.png
10533333228,10533333228.png
10566666561,10566666561.png
10599999894,10599999894.png
10633333227,10633333227.png
10666666560,10666666560.png
10699999893,10699999893.png
10733333226,10733333226.png
10766666559,10766666559.png
10799999892,10799999892.png
10833333225,10833333225.png
10866666558,10866666558.png
10899999891,10899999891.png
10933333224,10933333224.png
10966666557,10966666557.png
10999999890,10999999890.png
11033333223,11033333223.png
11066666556,11066666556.png
11099999889,11099999889.png
11133333222,11133333222.png
11166666555,11166666555.png
11199999888,11199999888.png
11233333221,11233333221.png
11266666554,11266666554.png
11299999887,11299999887.png
11333333220,11333333220.png
11366666553,11366666553.png
11399999886,11399999886.png
11433333219,11433333219.png
11466666552,11466666552.png
11499999885,11499999885.png
11533333218,11533333218.png
11566666551,11566666551.png
11599999884,11599999884.png
11633333217,11633333217.png
11666666550,11666666550.png
11699999883,11699999883.png
11733333216,11733333216.png
11766666549,11766666549.png
11799999882,11799999882.png
11833333215,11833333215.png
11866666548,11866666548.png
11899999881,11899999881.png
11933333214,11933333214.png
11966666547,11966666547.png
11999999880,11999999880.png
12033333213,12033333213.png
12066666546,12066666546.png
12099999879,12099999879.png
12133333212,12133333212.png
12166666545,12166666545.png
12199999878,12199999878.png
12233333211,12233333211.png
12266666544,12266666544.png
12299999877,12299999877.png
12333333210,12333333210.png
12366666543,12366666543.png
12399999876,12399999876.png
12433333209,12433333209.png
12466666542,12466666542.png
12499999875,12499999875.png
12533333208,12533333208.png
12566666541,12566666541.png
12599999874,12599999874.png
12633333207,12633333207.png
12666666540,12666666540.png
12699999873,12699999873.png
12733333206,12733333206.png
12766666539,12766666539.png
12799999872,12799999872.png
12833333205,12833333205.png
12866666538,12866666538.png
12899999871,12899999871.png
12933333204,12933333204.png
12966666537,12966666537.png
12999999870,12999999870.png
13033333203,13033333203.png
13066666536,13066666536.png
13099999869,13099999869.png
13133333202,13133333202.png
13166666535,13166666535.png
13199999868,13199999868.png
13233333201,13233333201.png
13266666534,13266666534.png
13299999867,13299999867.png
13333333200,13333333200.png
13366666533,13366666533.png
13399999866,13399999866.png
13433333199,13433333199.png
13466666532,13466666532.png
13499999865,13499999865.png
13533333198,13533333198.png
13566666531,13566666531.png
13599999864,13599999864.png
13633333197,13633333197.png
13666666530,13666666530.png
13699999863,13699999863.png
13733333196,13733333196.png
13766666529,13766666529.png
13799999862,13799999862.png
13833333195,13833333195.png
13866666528,13866666528.png
13899999861,13899999861.png
13933333194,13933333194.png
13966666527,13966666527.png
13999999860,13999999860.png
14033333193,14033333193.png
14066666526,14066666526.png
14099999859,14099999859.png
14133333192,14133333192.png
14166666525,14166666525.png
14199999858,14199999858.png
14233333191,14233333191.png
14266666524,14266666524.png
14299999857,14299999857.png
14333333190,14333333190.png
14366666523,14366666523.png
14399999856,14399999856.png
14433333189,14433333189.png
14466666522,14466666522.png
14499999855,14499999855.png
14533333188,14533333188.png
14566666521,14566666521.png
14599999854,14599999854.png
14633333187,14633333187.png
14666666520,14666666520.png
14699999853,14699999853.png
14733333186,14733333186.png
14766666519,14766666519.png
14799999852,14799999852.png
14833333185,14833333185.png
14866666518,14866666518.png
14899999851,14899999851.png
14933333184,14933333184.png
14966666517,14966666517.png
14999999850,14999999850.png
15033333183,15033333183.png
15066666516,15066666516.png
15099999849,15099999849.png
15133333182,15133333182.png
15166666515,15166666515.png
15199999848,15199999848.png
15233333181,15233333181.png
15266666514,15266666514.png
15299999847,15299999847.png
15333333180,15333333180.png
15366666513,15366666513.png
15399999846,15399999846.png
15433333179,15433333179.png
15466666512,15466666512.png
15499999845,15499999845.png
15533333178,15533333178.png
15566666511,15566666511.png
15599999844,15599999844.png
15633333177,15633333177.png
15666666510,15666666510.png
15699999843,15699999843.png
15733333176,15733333176.png
15766666509,15766666509.png
15799999842,15799999842.png
15833333175,15833333175.png
15866666508,15866666508.png
15899999841,15899999841.png
15933333174,15933333174.png
15966666507,15966666507.png
15999999840,15999999840.png
16033333173,16033333173.png
16066666506,16066666506.png
16099999839,16099999839.png
16133333172,16133333172.png
16166666505,16166666505.png
16199999838,16199999838.png
16233333171,16233333171.png
16266666504,16266666504.png
16299999837,16299999837.png
16333333170,16333333170.png
16366666503,16366666503.png
16399999836,16399999836.png
16433333169,16433333169.png
16466666502,16466666502.png
16499999835,16499999835.png
16533333168,16533333168.png
16566666501,16566666501.png
16599999834,16599999834.png
16633333167,16633333167.png
16666666500,16666666500.png
16699999833,16699999833.png
16733333166,16733333166.png
16766666499,16766666499.png
16799999832,16799999832.png
16833333165,16833333165.png
16866666498,16866666498.png
16899999831,16899999831.png
16933333164,16933333164.png
16966666497,16966666497.png
16999999830,16999999830.png
17033333163,17033333163.png
17066666496,17066666496.png
17099999829,17099999829.png
17133333162,17133333162.png
17166666495,17166666495.png
17199999828,17199999828.png
17233333161,17233333161.png
17266666494,17266666494.png
17299999827,17299999827.png
17333333160,17333333160.png
17366666493,17366666493.png
17399999826,17399999826.png
17433333159,17433333159.png
17466666492,17466666492.png
17499999825,17499999825.png
17533333158,17533333158.png
17566666491,17566666491.png
17599999824,17599999824.png
17633333157,17633333157.png
17666666490,17666666490.png
17699999823,17699999823.png
17733333156,17733333156.png
17766666489,17766666489.png
17799999822,17799999822.png
17833333155,17833333155.png
17866666488,17866666488.png
17899999821,17899999821.png
17933333154,17933333154.png
17966666487,17966666487.png
17999999820,17999999820.png
18033333153,18033333153.png
18066666486,18066666486.png
18099999819,18099999819.png
18133333152,18133333152.png
18166666485,18166666485.png
18199999818,18199999818.png
18233333151,18233333151.png
18266666484,18266666484.png
18299999817,18299999817.png
18333333150,18333333150.png
18366666483,18366666483.png
18399999816,18399999816.png
18433333149,18433333149.png
18466666482,18466666482.png
18499999815,18499999815.png
18533333148,18533333148.png
18566666481,18566666481.png
18599999814,18599999814.png
18633333147,18633333147.png
18666666480,18666666480.png
18699999813,18699999813.png
18733333146,18733333146.png
18766666479,18766666479.png
18799999812,18799999812.png
18833333145,18833333145.png
18866666478,18866666478.png
18899999811,18899999811.png
18933333144,18933333144.png
18966666477,18966666477.png
18999999810,18999999810.png
19033333143,19033333143.png
19066666476,19066666476.png
19099999809,19099999809.png
19133333142,19133333142.png
19166666475,19166666475.png
19199999808,19199999808.png
19233333141,19233333141.png
19266666474,19266666474.png
19299999807,19299999807.png
19333333140,19333333140.png
19366666473,19366666473.png
19399999806,19399999806.png
19433333139,19433333139.png
19466666472,19466666472.png
19499999805,19499999805.png
19533333138,19533333138.png
19566666471,19566666471.png
19599999804,19599999804.png
19633333137,19633333137.png
19666666470,19666666470.png
19699999803,19699999803.png
19733333136,19733333136.png
19766666469,19766666469.png
19799999802,19799999802.png
19833333135,19833333135.png
19866666468,19866666468.png
19899999801,19899999801.png
19933333134,19933333134.png
19966666467,19966666467.png
19999999800,19999999800.png
20033333133,20033333133.png
20066666466,20066666466.png
20099999799,20099999799.png
20133333132,20133333132.png
20166666465,20166666465.png
20199999798,20199999798.png
20233333131,20233333131.png
20266666464,20266666464.png
20299999797,20299999797.png
20333333130,20333333130.png
20366666463,20366666463.png
20399999796,20399999796.png
20433333129,20433333129.png
20466666462,20466666462.png
20499999795,20499999795.png
20533333128,20533333128.png
20566666461,20566666461.png
20599999794,20599999794.png
20633333127,20633333127.png
20666666460,20666666460.png
20699999793,20699999793.png
20733333126,20733333126.png
20766666459,20766666459.png
20799999792,20799999792.png
20833333125,20833333125.png
20866666458,20866666458.png
20899999791,20899999791.png
20933333124,20933333124.png
20966666457,20966666457.png
20999999790,20999999790.png
21033333123,21033333123.png
21066666456,21066666456.png
21099999789,21099999789.png
21133333122,21133333122.png
21166666455,21166666455.png
21199999788,21199999788.png
21233333121,21233333121.png
21266666454,21266666454.png
21299999787,21299999787.png
21333333120,21333333120.png
21366666453,21366666453.png
21399999786,21399999786.png
21433333119,21433333119.png
21466666452,21466666452.png
21499999785,21499999785.png
21533333118,21533333118.png
21566666451,21566666451.png
21599999784,21599999784.png
21633333117,21633333117.png
21666666450,21666666450.png
21699999783,21699999783.png
21733333116,21733333116.png
21766666449,21766666449.png
21799999782,21799999782.png
21833333115,21833333115.png
21866666448,21866666448.png
21899999781,21899999781.png
21933333114,21933333114.png
21966666447,21966666447.png
21999999780,21999999780.png
22033333113,22033333113.png
22066666446,22066666446.png
22099999779,22099999779.png
22133333112,22133333112.png
22166666445,22166666445.png
22199999778,22199999778.png
22233333111,22233333111.png
22266666444,22266666444.png
22299999777,22299999777.png
22333333110,22333333110.png
22366666443,22366666443.png
22399999776,22399999776.png
22433333109,22433333109.png
22466666442,22466666442.png
22499999775,22499999775.png
22533333108,22533333108.png
22566666441,22566666441.png
22599999774,22599999774.png
22633333107,22633333107.png
22666666440,22666666440.png
22699999773,22699999773.png
22733333106,22733333106.png
22766666439,22766666439.png
22799999772,22799999772.png
22833333105,22833333105.png
22866666438,22866666438.png
22899999771,22899999771.png
22933333104,22933333104.png
22966666437,22966666437.png
22999999770,22999999770.png
23033333103,23033333103.png
23066666436,23066666436.png
23099999769,23099999769.png
23133333102,23133333102.png
23166666435,23166666435.png
23199999768,23199999768.png
23233333101,23233333101.png
23266666434,23266666434.png
23299999767,23299999767.png
23333333100,23333333100.png
23366666433,23366666433.png
23399999766,23399999766.png
23433333099,23433333099.png
23466666432,23466666432.png
23499999765,23499999765.png
23533333098,23533333098.png
23566666431,23566666431.png
23599999764,23599999764.png
23633333097,23633333097.png
23666666430,23666666430.png
23699999763,23699999763.png
23733333096,23733333096.png
23766666429,23766666429.png
23799999762,23799999762.png
23833333095,23833333095.png
23866666428,23866666428.png
23899999761,23899999761.png
23933333094,23933333094.png
23966666427,23966666427.png
23999999760,23999999760.png
24033333093,24033333093.png
24066666426,24066666426.png
24099999759,24099999759.png
24133333092,24133333092.png
24166666425,24166666425.png
24199999758,24199999758.png
24233333091,24233333091.png
24266666424,24266666424.png
24299999757,24299999757.png
24333333090,24333333090.png
24366666423,24366666423.png
24399999756,24399999756.png
24433333089,24433333089.png
24466666422,24466666422.png
24499999755,24499999755.png
24533333088,24533333088.png
24566666421,24566666421.png
24599999754,24599999754.png
24633333087,24633333087.png
24666666420,24666666420.png
24699999753,24699999753.png
24733333086,24733333086.png
24766666419,24766666419.png
24799999752,24799999752.png
24833333085,24833333085.png
24866666418,24866666418.png
24899999751,24899999751.png
24933333084,24933333084.png
24966666417,24966666417.png
24999999750,24999999750.png
25033333083,25033333083.png
25066666416,25066666416.png
25099999749,25099999749.png
25133333082,25133333082.png
25166666415,25166666415.png
25199999748,25199999748.png
25233333081,25233333081.png
25266666414,25266666414.png
25299999747,25299999747.png
25333333080,25333333080.png
25366666413,25366666413.png
25399999746,25399999746.png
25433333079,25433333079.png
25466666412,25466666412.png
25499999745,25499999745.png
25533333078,25533333078.png
25566666411,25566666411.png
25599999744,25599999744.png
25633333077,25633333077.png
25666666410,25666666410.png
25699999743,25699999743.png
25733333076,25733333076.png
25766666409,25766666409.png
25799999742,25799999742.png
25833333075,25833333075.png
25866666408,25866666408.png
25899999741,25899999741.png
25933333074,25933333074.png
25966666407,25966666407.png
25999999740,25999999740.png
26033333073,26033333073.png
26066666406,26066666406.png
26099999739,26099999739.png
26133333072,26133333072.png
26166666405,26166666405.png
26199999738,26199999738.png
26233333071,26233333071.png
26266666404,26266666404.png
26299999737,26299999737.png
26333333070,26333333070.png
26366666403,26366666403.png
26399999736,26399999736.png
26433333069,26433333069.png
26466666402,26466666402.png
26499999735,26499999735.png
26533333068,26533333068.png
26566666401,26566666401.png
26599999734,26599999734.png
26633333067,26633333067.png
26666666400,26666666400.png
26699999733,26699999733.png
26733333066,26733333066.png
26766666399,26766666399.png
26799999732,26799999732.png
26833333065,26833333065.png
26866666398,26866666398.png
26899999731,26899999731.png
26933333064,26933333064.png
26966666397,26966666397.png
26999999730,26999999730.png
27033333063,27033333063.png
27066666396,27066666396.png
27099999729,27099999729.png
27133333062,27133333062.png
27166666395,27166666395.png
27199999728,27199999728.png
27233333061,27233333061.png
27266666394,27266666394.png
27299999727,27299999727.png
27333333060,27333333060.png
27366666393,27366666393.png
27399999726,27399999726.png
27433333059,27433333059.png
27466666392,27466666392.png
27499999725,27499999725.png
27533333058,27533333058.png
27566666391,27566666391.png
27599999724,27599999724.png
27633333057,27633333057.png
27666666390,27666666390.png
27699999723,27699999723.png
27733333056,27733333056.png
27766666389,27766666389.png
27799999722,27799999722.png
27833333055,27833333055.png
27866666388,27866666388.png
27899999721,27899999721.png
27933333054,27933333054.png
27966666387,27966666387.png
27999999720,27999999720.png
28033333053,28033333053.png
28066666386,28066666386.png
28099999719,28099999719.png
28133333052,28133333052.png
28166666385,28166666385.png
28199999718,28199999718.png
28233333051,28233333051.png
28266666384,28266666384.png
28299999717,28299999717.png
28333333050,28333333050.png
28366666383,28366666383.png
28399999716,28399999716.png
28433333049,28433333049.png
28466666382,28466666382.png
28499999715,28499999715.png
28533333048,28533333048.png
28566666381,28566666381.png
28599999714,28599999714.png
28633333047,28633333047.png
28666666380,28666666380.png
28699999713,28699999713.png
28733333046,28733333046.png
28766666379,28766666379.png
28799999712,28799999712.png
28833333045,28833333045.png
28866666378,28866666378.png
28899999711,28899999711.png
28933333044,28933333044.png
28966666377,28966666377.png
28999999710,28999999710.png
29033333043,29033333043.png
29066666376,29066666376.png
29099999709,29099999709.png
29133333042,29133333042.png
29166666375,29166666375.png
29199999708,29199999708.png
29233333041,29233333041.png
29266666374,29266666374.png
29299999707,29299999707.png
29333333040,29333333040.png
29366666373,29366666373.png
29399999706,29399999706.png
29433333039,29433333039.png
29466666372,29466666372.png
29499999705,29499999705.png
29533333038,29533333038.png
29566666371,29566666371.png
29599999704,29599999704.png
29633333037,29633333037.png
29666666370,29666666370.png
29699999703,29699999703.png
29733333036,29733333036.png
29766666369,29766666369.png
29799999702,29799999702.png
29833333035,29833333035.png
29866666368,29866666368.png
29899999701,29899999701.png
29933333034,29933333034.png
29966666367,29966666367.png
29999999700,29999999700.png
30033333033,30033333033.png
30066666366,30066666366.png
30099999699,30099999699.png
30133333032,30133333032.png
30166666365,30166666365.png
30199999698,30199999698.png
30233333031,30233333031.png
30266666364,30266666364.png
30299999697,30299999697.png
30333333030,30333333030.png
30366666363,30366666363.png
30399999696,30399999696.png
30433333029,30433333029.png
30466666362,30466666362.png
30499999695,30499999695.png
30533333028,30533333028.png
30566666361,30566666361.png
30599999694,30599999694.png
30633333027,30633333027.png
30666666360,30666666360.png
30699999693,30699999693.png
30733333026,30733333026.png
30766666359,30766666359.png
30799999692,30799999692.png
30833333025,30833333025.png
30866666358,30866666358.png
30899999691,30899999691.png
30933333024,30933333024.png
30966666357,30966666357.png
30999999690,30999999690.png
31033333023,31033333023.png
31066666356,31066666356.png
31099999689,31099999689.png
31133333022,31133333022.png
31166666355,31166666355.png
31199999688,31199999688.png
31233333021,31233333021.png
31266666354,31266666354.png
31299999687,31299999687.png
31333333020,31333333020.png
31366666353,31366666353.png
31399999686,31399999686.png
31433333019,31433333019.png
31466666352,31466666352.png
31499999685,31499999685.png
31533333018,31533333018.png
31566666351,31566666351.png
31599999684,31599999684.png
31633333017,31633333017.png
31666666350,31666666350.png
31699999683,31699999683.png
31733333016,31733333016.png
31766666349,31766666349.png
31799999682,31799999682.png
31833333015,31833333015.png
31866666348,31866666348.png
31899999681,31899999681.png
31933333014,31933333014.png
31966666347,31966666347.png
31999999680,31999999680.png
32033333013,32033333013.png
32066666346,32066666346.png
32099999679,32099999679.png
32133333012,32133333012.png
32166666345,32166666345.png
32199999678,32199999678.png
32233333011,32233333011.png
32266666344,32266666344.png
32299999677,32299999677.png
32333333010,32333333010.png
32366666343,32366666343.png
32399999676,32399999676.png
32433333009,32433333009.png
32466666342,32466666342.png
32499999675,32499999675.png
32533333008,32533333008.png
32566666341,32566666341.png
32599999674,32599999674.png
32633333007,32633333007.png
32666666340,32666666340.png
32699999673,32699999673.png
32733333006,32733333006.png
32766666339,32766666339.png
32799999672,32799999672.png
32833333005,32833333005.png
32866666338,32866666338.png
32899999671,32899999671.png
32933333004,32933333004.png
32966666337,32966666337.png
32999999670,32999999670.png
33033333003,33033333003.png
33066666336,33066666336.png
33099999669,33099999669.png
33133333002,33133333002.png
33166666335,33166666335.png
33199999668,33199999668.png
33233333001,33233333001.png
33266666334,33266666334.png
33299999667,33299999667.png
33333333000,33333333000.png
33366666333,33366666333.png
33399999666,33399999666.png
33433332999,33433332999.png
33466666332,33466666332.png
33499999665,33499999665.png
33533332998,33533332998.png
33566666331,33566666331.png
33599999664,33599999664.png
33633332997,33633332997.png
33666666330,33666666330.png
33699999663,33699999663.png
33733332996,33733332996.png
33766666329,33766666329.png
33799999662,33799999662.png
33833332995,33833332995.png
33866666328,33866666328.png
33899999661,33899999661.png
33933332994,33933332994.png
33966666327,33966666327.png
33999999660,33999999660.png
34033332993,34033332993.png
34066666326,34066666326.png
34099999659,34099999659.png
34133332992,34133332992.png
34166666325,34166666325.png
34199999658,34199999658.png
34233332991,34233332991.png
34266666324,34266666324.png
34299999657,34299999657.png
34333332990,34333332990.png
34366666323,34366666323.png
34399999656,34399999656.png
34433332989,34433332989.png
34466666322,34466666322.png
34499999655,34499999655.png
34533332988,34533332988.png
34566666321,34566666321.png
34599999654,34599999654.png
34633332987,34633332987.png
34666666320,34666666320.png
34699999653,34699999653.png
34733332986,34733332986.png
34766666319,34766666319.png
34799999652,34799999652.png
34833332985,34833332985.png
34866666318,34866666318.png
34899999651,34899999651.png
34933332984,34933332984.png
34966666317,34966666317.png
34999999650,34999999650.png
35033332983,35033332983.png
35066666316,35066666316.png
35099999649,35099999649.png
35133332982,35133332982.png
35166666315,35166666315.png
35199999648,35199999648.png
35233332981,35233332981.png
35266666314,35266666314.png
35299999647,35299999647.png
35333332980,35333332980.png
35366666313,35366666313.png
35399999646,35399999646.png
35433332979,35433332979.png
35466666312,35466666312.png
35499999645,35499999645.png
35533332978,35533332978.png
35566666311,35566666311.png
35599999644,35599999644.png
35633332977,35633332977.png
35666666310,35666666310.png
35699999643,35699999643.png
35733332976,35733332976.png
35766666309,35766666309.png
35799999642,35799999642.png
35833332975,35833332975.png
35866666308,35866666308.png
35899999641,35899999641.png
35933332974,35933332974.png
35966666307,35966666307.png
35999999640,35999999640.png
36033332973,36033332973.png
36066666306,36066666306.png
36099999639,36099999639.png
36133332972,36133332972.png
36166666305,36166666305.png
36199999638,36199999638.png
36233332971,36233332971.png
36266666304,36266666304.png
36299999637,36299999637.png
36333332970,36333332970.png
36366666303,36366666303.png
36399999636,36399999636.png
36433332969,36433332969.png
36466666302,36466666302.png
36499999635,36499999635.png
36533332968,36533332968.png
36566666301,36566666301.png
36599999634,36599999634.png
36633332967,36633332967.png
36666666300,36666666300.png
36699999633,36699999633.png
36733332966,36733332966.png
36766666299,36766666299.png
36799999632,36799999632.png
36833332965,36833332965.png
36866666298,36866666298.png
36899999631,36899999631.png
36933332964,36933332964.png
36966666297,36966666297.png
36999999630,36999999630.png
37033332963,37033332963.png
37066666296,37066666296.png
37099999629,37099999629.png
37133332962,37133332962.png
37166666295,37166666295.png
37199999628,37199999628.png
37233332961,37233332961.png
37266666294,37266666294.png
37299999627,37299999627.png
37333332960,37333332960.png
37366666293,37366666293.png
37399999626,37399999626.png
37433332959,37433332959.png
37466666292,37466666292.png
37499999625,37499999625.png
37533332958,37533332958.png
37566666291,37566666291.png
37599999624,37599999624.png
37633332957,37633332957.png
37666666290,37666666290.png
37699999623,37699999623.png
37733332956,37733332956.png
37766666289,37766666289.png
37799999622,37799999622.png
37833332955,37833332955.png
37866666288,37866666288.png
37899999621,37899999621.png
37933332954,37933332954.png
37966666287,37966666287.png
37999999620,37999999620.png
38033332953,38033332953.png
38066666286,38066666286.png
38099999619,38099999619.png
38133332952,38133332952.png
38166666285,38166666285.png
38199999618,38199999618.png
38233332951,38233332951.png
38266666284,38266666284.png
38299999617,38299999617.png
38333332950,38333332950.png
38366666283,38366666283.png
38399999616,38399999616.png
38433332949,38433332949.png
38466666282,38466666282.png
38499999615,38499999615.png
38533332948,38533332948.png
38566666281,38566666281.png
38599999614,38599999614.png
38633332947,38633332947.png
38666666280,38666666280.png
38699999613,38699999613.png
38733332946,38733332946.png
38766666279,38766666279.png
38799999612,38799999612.png
38833332945,38833332945.png
38866666278,38866666278.png
38899999611,38899999611.png
38933332944,38933332944.png
38966666277,38966666277.png
38999999610,38999999610.png
39033332943,39033332943.png
39066666276,39066666276.png
39099999609,39099999609.png
39133332942,39133332942.png
39166666275,39166666275.png
39199999608,39199999608.png
39233332941,39233332941.png
39266666274,39266666274.png
39299999607,39299999607.png
39333332940,39333332940.png
39366666273,39366666273.png
39399999606,39399999606.png
39433332939,39433332939.png
39466666272,39466666272.png
39499999605,39499999605.png
39533332938,39533332938.png
39566666271,39566666271.png
39599999604,39599999604.png
39633332937,39633332937.png
39666666270,39666666270.png
39699999603,39699999603.png
39733332936,39733332936.png
39766666269,39766666269.png
39799999602,39799999602.png
39833332935,39833332935.png
39866666268,39866666268.png
39899999601,39899999601.png
39933332934,39933332934.png
39966666267,39966666267.png
39999999600,39999999600.png
40033332933,40033332933.png
40066666266,40066666266.png
40099999599,40099999599.png
40133332932,40133332932.png
40166666265,40166666265.png
40199999598,40199999598.png
40233332931,40233332931.png
40266666264,40266666264.png
40299999597,40299999597.png
40333332930,40333332930.png
40366666263,40366666263.png
40399999596,40399999596.png
40433332929,40433332929.png
40466666262,40466666262.png
40499999595,40499999595.png
40533332928,40533332928.png
40566666261,40566666261.png
40599999594,40599999594.png
40633332927,40633332927.png
40666666260,40666666260.png
40699999593,40699999593.png
40733332926,40733332926.png
40766666259,40766666259.png
40799999592,40799999592.png
40833332925,40833332925.png
40866666258,40866666258.png
40899999591,40899999591.png
40933332924,40933332924.png
40966666257,40966666257.png
40999999590,40999999590.png
41033332923,41033332923.png
41066666256,41066666256.png
41099999589,41099999589.png
41133332922,41133332922.png
41166666255,41166666255.png
41199999588,41199999588.png
41233332921,41233332921.png
41266666254,41266666254.png
41299999587,41299999587.png
41333332920,41333332920.png
41366666253,41366666253.png
41399999586,41399999586.png
41433332919,41433332919.png
41466666252,41466666252.png
41499999585,41499999585.png
41533332918,41533332918.png
41566666251,41566666251.png
41599999584,41599999584.png
41633332917,41633332917.png
41666666250,41666666250.png
41699999583,41699999583.png
41733332916,41733332916.png
41766666249,41766666249.png
41799999582,41799999582.png
41833332915,41833332915.png
41866666248,41866666248.png
41899999581,41899999581.png
41933332914,41933332914.png
41966666247,41966666247.png
41999999580,41999999580.png
42033332913,42033332913.png
42066666246,42066666246.png
42099999579,42099999579.png
42133332912,42133332912.png
42166666245,42166666245.png
42199999578,42199999578.png
42233332911,42233332911.png
42266666244,42266666244.png
42299999577,42299999577.png
42333332910,42333332910.png
42366666243,42366666243.png
42399999576,42399999576.png
42433332909,42433332909.png
42466666242,42466666242.png
42499999575,42499999575.png
42533332908,42533332908.png
42566666241,42566666241.png
42599999574,42599999574.png
42633332907,42633332907.png
42666666240,42666666240.png
42699999573,42699999573.png
42733332906,42733332906.png
42766666239,42766666239.png
42799999572,42799999572.png
42833332905,42833332905.png
42866666238,42866666238.png
42899999571,42899999571.png
42933332904,42933332904.png
42966666237,42966666237.png
42999999570,42999999570.png
43033332903,43033332903.png
43066666236,43066666236.png
43099999569,43099999569.png
43133332902,43133332902.png
43166666235,43166666235.png
43199999568,43199999568.png
43233332901,43233332901.png
43266666234,43266666234.png
43299999567,43299999567.png
43333332900,43333332900.png
43366666233,43366666233.png
43399999566,43399999566.png
43433332899,43433332899.png
43466666232,43466666232.png
43499999565,43499999565.png
43533332898,43533332898.png
43566666231,43566666231.png
43599999564,43599999564.png
43633332897,43633332897.png
43666666230,43666666230.png
43699999563,43699999563.png
43733332896,43733332896.png
43766666229,43766666229.png
43799999562,43799999562.png
43833332895,43833332895.png
43866666228,43866666228.png
43899999561,43899999561.png
43933332894,43933332894.png
43966666227,43966666227.png
43999999560,43999999560.png
44033332893,44033332893.png
44066666226,44066666226.png
44099999559,44099999559.png
44133332892,44133332892.png
44166666225,44166666225.png
44199999558,44199999558.png
44233332891,44233332891.png
44266666224,44266666224.png
44299999557,44299999557.png
44333332890,44333332890.png
44366666223,44366666223.png
44399999556,44399999556.png
44433332889,44433332889.png
44466666222,44466666222.png
44499999555,44499999555.png
44533332888,44533332888.png
44566666221,44566666221.png
44599999554,44599999554.png
44633332887,44633332887.png
44666666220,44666666220.png
44699999553,44699999553.png
44733332886,44733332886.png
44766666219,44766666219.png
44799999552,44799999552.png
44833332885,44833332885.png
44866666218,44866666218.png
44899999551,44899999551.png
44933332884,44933332884.png
44966666217,44966666217.png
44999999550,44999999550.png
45033332883,45033332883.png
45066666216,45066666216.png
45099999549,45099999549.png
45133332882,45133332882.png
45166666215,45166666215.png
45199999548,45199999548.png
45233332881,45233332881.png
45266666214,45266666214.png
45299999547,45299999547.png
45333332880,45333332880.png
45366666213,45366666213.png
45399999546,45399999546.png
45433332879,45433332879.png
45466666212,45466666212.png
45499999545,45499999545.png
45533332878,45533332878.png
45566666211,45566666211.png
45599999544,45599999544.png
45633332877,45633332877.png
45666666210,45666666210.png
45699999543,45699999543.png
45733332876,45733332876.png
45766666209,45766666209.png
45799999542,45799999542.png
45833332875,45833332875.png
45866666208,45866666208.png
45899999541,45899999541.png
45933332874,45933332874.png
45966666207,45966666207.png
45999999540,45999999540.png
46033332873,46033332873.png
46066666206,46066666206.png
46099999539,46099999539.png
46133332872,46133332872.png
46166666205,46166666205.png
46199999538,46199999538.png
46233332871,46233332871.png
46266666204,46266666204.png
46299999537,46299999537.png
46333332870,46333332870.png
46366666203,46366666203.png
46399999536,46399999536.png
46433332869,46433332869.png
46466666202,46466666202.png
46499999535,46499999535.png
46533332868,46533332868.png
46566666201,46566666201.png
46599999534,46599999534.png
46633332867,46633332867.png
46666666200,46666666200.png
46699999533,46699999533.png
46733332866,46733332866.png
46766666199,46766666199.png
46799999532,46799999532.png
46833332865,46833332865.png
46866666198,46866666198.png
46899999531,46899999531.png
46933332864,46933332864.png
46966666197,46966666197.png
46999999530,46999999530.png
47033332863,47033332863.png
47066666196,47066666196.png
47099999529,47099999529.png
47133332862,47133332862.png
47166666195,47166666195.png
47199999528,47199999528.png
47233332861,47233332861.png
47266666194,47266666194.png
47299999527,47299999527.png
47333332860,47333332860.png
47366666193,47366666193.png
47399999526,47399999526.png
47433332859,47433332859.png
47466666192,47466666192.png
47499999525,47499999525.png
47533332858,47533332858.png
47566666191,47566666191.png
47599999524,47599999524.png
47633332857,47633332857.png
47666666190,47666666190.png
47699999523,47699999523.png
47733332856,47733332856.png
47766666189,47766666189.png
47799999522,47799999522.png
47833332855,47833332855.png
47866666188,47866666188.png
47899999521,47899999521.png
47933332854,47933332854.png
47966666187,47966666187.png
47999999520,47999999520.png
48033332853,48033332853.png
48066666186,48066666186.png
48099999519,48099999519.png
48133332852,48133332852.png
48166666185,48166666185.png
48199999518,48199999518.png
48233332851,48233332851.png
48266666184,48266666184.png
48299999517,48299999517.png
48333332850,48333332850.png
48366666183,48366666183.png
48399999516,48399999516.png
48433332849,48433332849.png
48466666182,48466666182.png
48499999515,48499999515.png
48533332848,48533332848.png
48566666181,48566666181.png
48599999514,48599999514.png
48633332847,48633332847.png
48666666180,48666666180.png
48699999513,48699999513.png
48733332846,48733332846.png
48766666179,48766666179.png
48799999512,48799999512.png
48833332845,48833332845.png
48866666178,48866666178.png
48899999511,48899999511.png
48933332844,48933332844.png
48966666177,48966666177.png
